model_name,accuracy,precision,recall,f1_score
DecisionTree,0.7134361941497911,0.7424044616696995,0.7151841218192135,0.7251515831865911
RandomForest,0.7185792349726776,0.757314625058889,0.7180726080214982,0.7314124168129524
LightGBM,0.649292831886853,0.7024405301215564,0.6385902822970246,0.6532859475393449
DecisionTree-Removed,0.7108003857280617,0.7390125065203882,0.7126602681918075,0.7224825831431746
RandomForest-Removed,0.7182417229186757,0.7564197856824005,0.7175051548634754,0.7307658491508284
LightGBM-Removed,0.6479106396657024,0.7019179646006131,0.6368249211646092,0.6515600671265656
