model_name,accuracy,precision,recall,f1_score
DecisionTree,0.6556813586736757,0.6553081641978562,0.6558077861675632,0.6554948188521231
RandomForest,0.7128319180482545,0.7272836384430792,0.7044801355149195,0.7121983370308044
LightGBM,0.7079121175360561,0.7180486182163657,0.7000793677423467,0.7063005302997866
DecisionTree-Removed,0.6498180347755762,0.6487378806651665,0.6495241476545712,0.6490977124346844
RandomForest-Removed,0.7023183717482141,0.7180471491104955,0.6937027321367285,0.7014484458151542
LightGBM,0.706227254346947,0.7184451293881797,0.6979095330885202,0.7047341049382192
LightGBM-Removed,0.6973985712360157,0.7096380016026422,0.6898070830146321,0.696571040226355
